Scenario,Change from baseline,Solver converged,Objective value,Social protection cumulative effort,Infrastructure cumulative effort,Environmental policy cumulative effort,Initial top policy,Cumulative top policy,Affordability-oriented cumulative effort share,All seven final shortfalls below initial,Final mean remaining shortfall,Final affordability mean shortfall,Final nutrition mean shortfall,Final environmental mean shortfall
Baseline,Maintained baseline calibration,True,96.04764256184728,7.868940406286846,8.690262215318997,3.718408394150382,Social protection policy,Infrastructure investment,0.8166249273022802,True,0.0470522629379657,0.10220872292200578,0.05022584021309329,0.012248357147780886
Initial gaps 30% smaller,All initial shortfall magnitudes multiplied by 0.70,True,47.06334485546553,5.508267478005516,6.083183488450382,2.6028620243471607,Social protection policy,Infrastructure investment,0.8166264174931441,True,0.03293645289195656,0.07154616200380814,0.035156904328823124,0.008574518789216702
Initial gaps 30% larger,All initial shortfall magnitudes multiplied by 1.30,True,162.32051593116736,10.229648625164804,11.297332637570477,4.833930126736479,Social protection policy,Infrastructure investment,0.8166250758436564,True,0.06116704525854598,0.13287207035790938,0.06528988976216565,0.01592269828483589
Equal policy costs,R diagonal set to 1.00 for all three policy blocs,True,101.80148801694159,7.058587260195873,8.819260493318705,3.292278143126016,Infrastructure investment,Infrastructure investment,0.8282599623561699,True,0.062346191559333665,0.09553326513658,0.10572569239353236,0.016952712927555458
Weak social-protection direct effects,"Social-protection loadings on affordability, nutrition, and coverage reduced by 75%",True,120.60366039247933,9.440146271712132,9.558311624817927,3.718408420003753,Infrastructure investment,Infrastructure investment,0.8363150811299437,True,0.18342193386998815,0.05484308746684097,0.5748853266400377,0.012248354438079895
Exclude social-protection coverage,Coverage removed from the objective and its direct policy loading set to zero,True,95.99508148901299,8.311558590268502,8.714900996682246,3.7184084398206565,Social protection policy,Infrastructure investment,0.8207552617340336,True,0.05059879231784579,0.10087869952667805,0.0639683653557761,0.01224835388131866
Weak affordability-to-nutrition links,Affordability-to-nutrition interaction links reduced by 75%,True,92.18425596737825,6.54830734115081,8.587517654909233,3.7184084383210925,Social protection policy,Infrastructure investment,0.8027812453228415,True,0.04557338763912403,0.10734485644232739,0.03991364637164779,0.012248353922958921
Environmental-to-affordability feedbacks,Adds positive emissions and emissions-intensity feedbacks to diet cost and affordability,True,102.46224016907597,7.9819195015102276,10.066623793267365,4.204404324163325,Social protection policy,Infrastructure investment,0.8110630377530442,True,0.053574861234783715,0.12668789562122784,0.05491265009969326,0.005911468600821895
Sparse alternative topology,Removes directed links below 0.10 in the unscaled interaction matrix,True,92.23891566347187,5.9620771297111395,8.575921392937268,3.7184084383710694,Social protection policy,Infrastructure investment,0.7963230965265782,True,0.03615404900527689,0.10788354142649326,0.006407276170446452,0.012248353921529398
